{
    "idx_vec": [
        [-1, 1, -1], 
        [0, 1, -1], 
        [1, 1, -1], 
        [1, 0, -1], 
        [1, -1, -1], 
        [0, -1, -1], 
        [-1, -1, -1], 
        [-1, -1, 0], 
        [-1, -1, 1], 
        [-1, 0, 1], 
        [-1, 1, 1], 
        [0, 1, 1], 
        [1, 1, 1], 
        [1, 0, 1], 
        [1, -1, 1]
    ], 
    "col_vec": [
        [0.253935, 0.265254, 0.529983, 1.0], 
        [0.227802, 0.326594, 0.546532, 1.0], 
        [0.19943, 0.3876070, 0.554642, 1.0], 
        [0.174274, 0.445044, 0.557792, 1.0], 
        [0.153364, 0.497000, 0.557724, 1.0], 
        [0.132444, 0.552216, 0.553018, 1.0], 
        [0.119738, 0.603785, 0.541400, 1.0], 
        [0.134692, 0.658636, 0.517649, 1.0], 
        [0.196571, 0.711827, 0.479221, 1.0], 
        [0.288921, 0.758394, 0.428426, 1.0], 
        [0.412913, 0.803041, 0.357269, 1.0], 
        [0.555484, 0.840254, 0.269281, 1.0], 
        [0.699415, 0.867117, 0.175971, 1.0], 
        [0.855810, 0.888601, 0.097452, 1.0], 
        [0.993248, 0.906157, 0.143936, 1.0]
    ]
}
